PAIS,PAISNAME,PROVINCIA,PROVINCIANAME,DISTRITO,DISTRITONAME,CORREGCODE,CORREGIMIENTO
1,PANAMA,1,BOCAS DEL TORO,9,BOCAS DEL TORO,12,CAUCHERO
1,PANAMA,1,BOCAS DEL TORO,9,BOCAS DEL TORO,11,BASTIMENTOS
1,PANAMA,1,BOCAS DEL TORO,9,BOCAS DEL TORO,10,BOCAS DEL TORO
1,PANAMA,1,BOCAS DEL TORO,9,BOCAS DEL TORO,14,TIERRA OSCURA
1,PANAMA,1,BOCAS DEL TORO,9,BOCAS DEL TORO,13,PUNTA LAUREL
1,PANAMA,1,BOCAS DEL TORO,10,CHANGUINOLA,21,LAS TABLAS
1,PANAMA,1,BOCAS DEL TORO,10,CHANGUINOLA,20,EL EMPALME
1,PANAMA,1,BOCAS DEL TORO,10,CHANGUINOLA,18,EL TERIBE
1,PANAMA,1,BOCAS DEL TORO,10,CHANGUINOLA,17,GUABITO
1,PANAMA,1,BOCAS DEL TORO,10,CHANGUINOLA,16,ALMIRANTE
1,PANAMA,1,BOCAS DEL TORO,10,CHANGUINOLA,15,CHANGUINOLA
1,PANAMA,1,BOCAS DEL TORO,10,CHANGUINOLA,19,VALLE DEL RISCO
1,PANAMA,1,BOCAS DEL TORO,11,CHIRIQUI GRANDE,23,MIRAMAR
1,PANAMA,1,BOCAS DEL TORO,11,CHIRIQUI GRANDE,25,PUNTA PEÑA
1,PANAMA,1,BOCAS DEL TORO,11,CHIRIQUI GRANDE,26,PUNTA ROBALO
1,PANAMA,1,BOCAS DEL TORO,11,CHIRIQUI GRANDE,27,RAMBALA
1,PANAMA,1,BOCAS DEL TORO,11,CHIRIQUI GRANDE,22,CHIRIQUI GRANDE
1,PANAMA,2,COCLE,12,AGUADULCE,28,AGUADULCE
1,PANAMA,2,COCLE,12,AGUADULCE,29,EL CRISTO
1,PANAMA,2,COCLE,12,AGUADULCE,31,POCRI
1,PANAMA,2,COCLE,12,AGUADULCE,32,BARRIOS UNIDOS
1,PANAMA,2,COCLE,12,AGUADULCE,30,EL ROBLE
1,PANAMA,2,COCLE,13,ANTON,36,EL RETIRO
1,PANAMA,2,COCLE,13,ANTON,35,EL CHIRU
1,PANAMA,2,COCLE,13,ANTON,34,CABUYA
1,PANAMA,2,COCLE,13,ANTON,33,ANTON
1,PANAMA,2,COCLE,13,ANTON,37,EL VALLE
1,PANAMA,2,COCLE,13,ANTON,38,JUAN DIAZ
1,PANAMA,2,COCLE,13,ANTON,39,RIO HATO
1,PANAMA,2,COCLE,13,ANTON,40,SAN JUAN DE DIOS
1,PANAMA,2,COCLE,13,ANTON,42,CABALLERO
1,PANAMA,2,COCLE,13,ANTON,41,SANTA RITA
1,PANAMA,2,COCLE,14,LA PINTADA,48,LAS LOMAS
1,PANAMA,2,COCLE,14,LA PINTADA,47,PIEDRAS GORDAS
1,PANAMA,2,COCLE,14,LA PINTADA,46,LLANO GRANDE
1,PANAMA,2,COCLE,14,LA PINTADA,45,EL POTRERO
1,PANAMA,2,COCLE,14,LA PINTADA,44,EL HARINO
1,PANAMA,2,COCLE,14,LA PINTADA,43,LA PINTADA
1,PANAMA,2,COCLE,15,NATA,49,NATA
1,PANAMA,2,COCLE,15,NATA,54,TOZA
1,PANAMA,2,COCLE,15,NATA,52,GUZMAN
1,PANAMA,2,COCLE,15,NATA,51,EL CAÑO
1,PANAMA,2,COCLE,15,NATA,50,CAPELLANIA
1,PANAMA,2,COCLE,15,NATA,53,LAS HUACAS
1,PANAMA,2,COCLE,16,OLA,59,LA PAVA
1,PANAMA,2,COCLE,16,OLA,58,EL PICACHO
1,PANAMA,2,COCLE,16,OLA,57,EL PALMAR
1,PANAMA,2,COCLE,16,OLA,56,EL COPE
1,PANAMA,2,COCLE,16,OLA,55,OLA
1,PANAMA,2,COCLE,17,PENONOME,66,RIO GRANDE
1,PANAMA,2,COCLE,17,PENONOME,67,RIO INDIO
1,PANAMA,2,COCLE,17,PENONOME,68,TOABRE
1,PANAMA,2,COCLE,17,PENONOME,69,TULU
1,PANAMA,2,COCLE,17,PENONOME,64,EL COCO
1,PANAMA,2,COCLE,17,PENONOME,60,PENONOME
1,PANAMA,2,COCLE,17,PENONOME,61,CAÑAVERAL
1,PANAMA,2,COCLE,17,PENONOME,65,PAJONAL
1,PANAMA,2,COCLE,17,PENONOME,63,CHIRIQUI ARRIBA
1,PANAMA,2,COCLE,17,PENONOME,62,COCLE
1,PANAMA,3,COLON,18,COLON,73,CATIVA
1,PANAMA,3,COLON,18,COLON,72,BUENA VISTA
1,PANAMA,3,COLON,18,COLON,71,BARRIO SUR
1,PANAMA,3,COLON,18,COLON,70,BARRIO NORTE
1,PANAMA,3,COLON,18,COLON,74,CIRICITO
1,PANAMA,3,COLON,18,COLON,83,SANTA ROSA
1,PANAMA,3,COLON,18,COLON,75,CRISTOBAL
1,PANAMA,3,COLON,18,COLON,81,SALAMANCA
1,PANAMA,3,COLON,18,COLON,80,SABANITAS
1,PANAMA,3,COLON,18,COLON,79,PUERTO PILON
1,PANAMA,3,COLON,18,COLON,78,NUEVA PROVIDENCIA
1,PANAMA,3,COLON,18,COLON,77,LIMON
1,PANAMA,3,COLON,18,COLON,76,ESCOBAL
1,PANAMA,3,COLON,18,COLON,82,SAN JUAN
1,PANAMA,3,COLON,19,DONOSO,191,SAN JOSE DEL GENERAL
1,PANAMA,3,COLON,19,DONOSO,190,RIO INDIO
1,PANAMA,3,COLON,19,DONOSO,189,GOBEA
1,PANAMA,3,COLON,19,DONOSO,188,EL GUASIMO
1,PANAMA,3,COLON,19,DONOSO,186,MIGUEL DE LA BORDA
1,PANAMA,3,COLON,19,DONOSO,187,COCLE DEL NORTE
1,PANAMA,3,COLON,20,CHAGRES,90,SALUD
1,PANAMA,3,COLON,20,CHAGRES,89,PIÑA
1,PANAMA,3,COLON,20,CHAGRES,88,PALMAS BELLAS
1,PANAMA,3,COLON,20,CHAGRES,87,LA ENCANTADA
1,PANAMA,3,COLON,20,CHAGRES,86,EL GUABO
1,PANAMA,3,COLON,20,CHAGRES,85,ACHIOTE
1,PANAMA,3,COLON,20,CHAGRES,84,NUEVO CHAGRES
1,PANAMA,3,COLON,21,PORTOBELO,192,PORTOBELO
1,PANAMA,3,COLON,21,PORTOBELO,195,ISLA GRANDE
1,PANAMA,3,COLON,21,PORTOBELO,196,MARIA CHIQUITA
1,PANAMA,3,COLON,21,PORTOBELO,193,CACIQUE
1,PANAMA,3,COLON,21,PORTOBELO,194,GARROTE
1,PANAMA,3,COLON,34,SANTA ISABEL,204,VIENTO FRIO
1,PANAMA,3,COLON,34,SANTA ISABEL,203,SANTA ISABEL
1,PANAMA,3,COLON,34,SANTA ISABEL,202,PLAYA CHIQUITA
1,PANAMA,3,COLON,34,SANTA ISABEL,201,PALMIRA
1,PANAMA,3,COLON,34,SANTA ISABEL,197,PALENQUE
1,PANAMA,3,COLON,34,SANTA ISABEL,200,NOMBRE DE DIOS
1,PANAMA,3,COLON,34,SANTA ISABEL,199,MIRAMAR
1,PANAMA,3,COLON,34,SANTA ISABEL,198,CUANGO
1,PANAMA,4,CHIRIQUI,8,GUALACA,126,PAJA DE SOMBRERO
1,PANAMA,4,CHIRIQUI,8,GUALACA,125,LOS ANGELES
1,PANAMA,4,CHIRIQUI,8,GUALACA,124,HORNITO
1,PANAMA,4,CHIRIQUI,8,GUALACA,91,GUALACA
1,PANAMA,4,CHIRIQUI,8,GUALACA,127,RINCON
1,PANAMA,4,CHIRIQUI,22,ALANJE,177,ALANJE
1,PANAMA,4,CHIRIQUI,22,ALANJE,185,NUEVO MEXICO
1,PANAMA,4,CHIRIQUI,22,ALANJE,184,CANTA GALLO
1,PANAMA,4,CHIRIQUI,22,ALANJE,183,SANTO TOMAS
1,PANAMA,4,CHIRIQUI,22,ALANJE,182,QUEREVALO
1,PANAMA,4,CHIRIQUI,22,ALANJE,181,PALO GRANDE
1,PANAMA,4,CHIRIQUI,22,ALANJE,180,GUARUMAL
1,PANAMA,4,CHIRIQUI,22,ALANJE,179,EL TEJAR
1,PANAMA,4,CHIRIQUI,22,ALANJE,178,DIVALA
1,PANAMA,4,CHIRIQUI,23,BARU,175,BACO
1,PANAMA,4,CHIRIQUI,23,BARU,172,PUERTO ARMUELLES
1,PANAMA,4,CHIRIQUI,23,BARU,173,LIMONES
1,PANAMA,4,CHIRIQUI,23,BARU,174,PROGRESO
1,PANAMA,4,CHIRIQUI,23,BARU,176,RODOLFO AGUILAR DELGADO
1,PANAMA,4,CHIRIQUI,24,BOQUERON,171,TIJERAS
1,PANAMA,4,CHIRIQUI,24,BOQUERON,169,PARAISO
1,PANAMA,4,CHIRIQUI,24,BOQUERON,170,PEDREGAL
1,PANAMA,4,CHIRIQUI,24,BOQUERON,168,GUAYABAL
1,PANAMA,4,CHIRIQUI,24,BOQUERON,164,BOQUERON
1,PANAMA,4,CHIRIQUI,24,BOQUERON,165,BAGALA
1,PANAMA,4,CHIRIQUI,24,BOQUERON,166,CORDILLERA
1,PANAMA,4,CHIRIQUI,24,BOQUERON,167,GUABAL
1,PANAMA,4,CHIRIQUI,25,BUGABA,156,VOLCAN
1,PANAMA,4,CHIRIQUI,25,BUGABA,157,EL BONGO
1,PANAMA,4,CHIRIQUI,25,BUGABA,145,LA CONCEPCION
1,PANAMA,4,CHIRIQUI,25,BUGABA,146,ASERRIO DE GARICHE
1,PANAMA,4,CHIRIQUI,25,BUGABA,147,BUGABA
1,PANAMA,4,CHIRIQUI,25,BUGABA,149,GOMEZ
1,PANAMA,4,CHIRIQUI,25,BUGABA,150,LA ESTRELLA
1,PANAMA,4,CHIRIQUI,25,BUGABA,151,SAN ANDRES
1,PANAMA,4,CHIRIQUI,25,BUGABA,152,SANTA MARTA
1,PANAMA,4,CHIRIQUI,25,BUGABA,153,SANTA ROSA
1,PANAMA,4,CHIRIQUI,25,BUGABA,154,SANTO DOMINGO
1,PANAMA,4,CHIRIQUI,25,BUGABA,155,SORTOVA
1,PANAMA,4,CHIRIQUI,26,DAVID,137,BIJAGUAL
1,PANAMA,4,CHIRIQUI,26,DAVID,138,COCHEA
1,PANAMA,4,CHIRIQUI,26,DAVID,139,CHIRIQUI GUACA
1,PANAMA,4,CHIRIQUI,26,DAVID,140,LAS LOMAS
1,PANAMA,4,CHIRIQUI,26,DAVID,143,SAN PABLO NUEVO
1,PANAMA,4,CHIRIQUI,26,DAVID,144,SAN PABLO VIEJO
1,PANAMA,4,CHIRIQUI,26,DAVID,142,SAN CARLOS
1,PANAMA,4,CHIRIQUI,26,DAVID,136,DAVID
1,PANAMA,4,CHIRIQUI,26,DAVID,141,PEDREGAL
1,PANAMA,4,CHIRIQUI,27,DOLEGA,128,DOLEGA
1,PANAMA,4,CHIRIQUI,27,DOLEGA,129,DOS RIOS
1,PANAMA,4,CHIRIQUI,27,DOLEGA,130,LOS ANASTACIOS
1,PANAMA,4,CHIRIQUI,27,DOLEGA,131,POTRERILLOS
1,PANAMA,4,CHIRIQUI,27,DOLEGA,132,POTRERILLOS ABAJO
1,PANAMA,4,CHIRIQUI,27,DOLEGA,134,TINAJAS
1,PANAMA,4,CHIRIQUI,27,DOLEGA,135,LOS ALGARROBOS
1,PANAMA,4,CHIRIQUI,27,DOLEGA,133,ROVIRA
1,PANAMA,4,CHIRIQUI,28,REMEDIOS,122,EL PUERTO
1,PANAMA,4,CHIRIQUI,28,REMEDIOS,121,EL PORVENIR
1,PANAMA,4,CHIRIQUI,28,REMEDIOS,120,EL NANCITO
1,PANAMA,4,CHIRIQUI,28,REMEDIOS,119,REMEDIOS
1,PANAMA,4,CHIRIQUI,28,REMEDIOS,123,SANTA LUCIA
1,PANAMA,4,CHIRIQUI,29,RENACIMIENTO,112,BREÑON
1,PANAMA,4,CHIRIQUI,29,RENACIMIENTO,118,SANTA CLARA
1,PANAMA,4,CHIRIQUI,29,RENACIMIENTO,117,DOMINICAL
1,PANAMA,4,CHIRIQUI,29,RENACIMIENTO,116,SANTA CRUZ
1,PANAMA,4,CHIRIQUI,29,RENACIMIENTO,115,PLAZA KAISAN
1,PANAMA,4,CHIRIQUI,29,RENACIMIENTO,114,MONTE LIRIO
1,PANAMA,4,CHIRIQUI,29,RENACIMIENTO,113,CAÑAS GORDAS
1,PANAMA,4,CHIRIQUI,29,RENACIMIENTO,111,RIO SERENO
1,PANAMA,4,CHIRIQUI,30,SAN FELIX,106,LAS LAJAS
1,PANAMA,4,CHIRIQUI,30,SAN FELIX,109,SAN FELIX
1,PANAMA,4,CHIRIQUI,30,SAN FELIX,110,SANTA CRUZ
1,PANAMA,4,CHIRIQUI,30,SAN FELIX,107,JUAY
1,PANAMA,4,CHIRIQUI,30,SAN FELIX,108,LAJAS ADENTRO
1,PANAMA,4,CHIRIQUI,31,SAN LORENZO,101,SAN LORENZO
1,PANAMA,4,CHIRIQUI,31,SAN LORENZO,105,HORCONCITOS
1,PANAMA,4,CHIRIQUI,31,SAN LORENZO,104,SAN JUAN
1,PANAMA,4,CHIRIQUI,31,SAN LORENZO,103,BOCA DEL MONTE
1,PANAMA,4,CHIRIQUI,31,SAN LORENZO,102,BOCA CHICA
1,PANAMA,4,CHIRIQUI,32,TOLE,92,TOLE
1,PANAMA,4,CHIRIQUI,32,TOLE,93,BELLA VISTA
1,PANAMA,4,CHIRIQUI,32,TOLE,94,CERRO VIEJO
1,PANAMA,4,CHIRIQUI,32,TOLE,95,EL CRISTO
1,PANAMA,4,CHIRIQUI,32,TOLE,96,JUSTO FIDEL PALACIOS
1,PANAMA,4,CHIRIQUI,32,TOLE,98,POTRERO DE CAÑA
1,PANAMA,4,CHIRIQUI,32,TOLE,99,QUEBRADA DE PIEDRA
1,PANAMA,4,CHIRIQUI,32,TOLE,100,VELADERO
1,PANAMA,4,CHIRIQUI,32,TOLE,97,LAJAS DE TOLE
1,PANAMA,4,CHIRIQUI,33,BOQUETE,163,LOS NARANJOS
1,PANAMA,4,CHIRIQUI,33,BOQUETE,158,BOQUETE
1,PANAMA,4,CHIRIQUI,33,BOQUETE,159,CALDERA
1,PANAMA,4,CHIRIQUI,33,BOQUETE,160,PALMIRA
1,PANAMA,4,CHIRIQUI,33,BOQUETE,161,ALTO BOQUETE
1,PANAMA,4,CHIRIQUI,33,BOQUETE,162,JARAMILLO
1,PANAMA,4,CHIRIQUI,85,TIERRAS ALTAS,619,CERRO PUNTA
1,PANAMA,5,DARIEN,35,CHEPIGANA,219,RIO CONGO ARRIBA
1,PANAMA,5,DARIEN,35,CHEPIGANA,220,SANTA FE
1,PANAMA,5,DARIEN,35,CHEPIGANA,218,CUCUNATI
1,PANAMA,5,DARIEN,35,CHEPIGANA,217,AGUA FRIA
1,PANAMA,5,DARIEN,35,CHEPIGANA,216,TUCUTI
1,PANAMA,5,DARIEN,35,CHEPIGANA,215,TAIMATI
1,PANAMA,5,DARIEN,35,CHEPIGANA,214,SETEGANTI
1,PANAMA,5,DARIEN,35,CHEPIGANA,213,SAMBU
1,PANAMA,5,DARIEN,35,CHEPIGANA,212,RIO IGLESIAS
1,PANAMA,5,DARIEN,35,CHEPIGANA,211,RIO CONGO
1,PANAMA,5,DARIEN,35,CHEPIGANA,205,LA PALMA
1,PANAMA,5,DARIEN,35,CHEPIGANA,206,CAMOGANTI
1,PANAMA,5,DARIEN,35,CHEPIGANA,207,CHEPIGANA
1,PANAMA,5,DARIEN,35,CHEPIGANA,208,GARACHINE
1,PANAMA,5,DARIEN,35,CHEPIGANA,209,JAQUE
1,PANAMA,5,DARIEN,35,CHEPIGANA,210,PUERTO PIÑA
1,PANAMA,5,DARIEN,36,PINOGANA,222,BOCA DE CUPE
1,PANAMA,5,DARIEN,36,PINOGANA,221,EL REAL DE SANTA MARIA
1,PANAMA,5,DARIEN,36,PINOGANA,228,METETI
1,PANAMA,5,DARIEN,36,PINOGANA,227,YAVIZA
1,PANAMA,5,DARIEN,36,PINOGANA,229,WARGANDI
1,PANAMA,5,DARIEN,36,PINOGANA,225,PUCURO
1,PANAMA,5,DARIEN,36,PINOGANA,224,PINOGANA
1,PANAMA,5,DARIEN,36,PINOGANA,223,PAYA
1,PANAMA,5,DARIEN,36,PINOGANA,226,YAPE
1,PANAMA,6,HERRERA,49,CHITRE,302,SAN JUAN BAUTISTA
1,PANAMA,6,HERRERA,49,CHITRE,301,LLANO BONITO
1,PANAMA,6,HERRERA,49,CHITRE,300,MONAGRILLO
1,PANAMA,6,HERRERA,49,CHITRE,298,CHITRE
1,PANAMA,6,HERRERA,49,CHITRE,299,LA ARENA
1,PANAMA,6,HERRERA,50,LAS MINAS,307,LEONES
1,PANAMA,6,HERRERA,50,LAS MINAS,306,EL TORO
1,PANAMA,6,HERRERA,50,LAS MINAS,305,CHUMICAL
1,PANAMA,6,HERRERA,50,LAS MINAS,304,CHEPO
1,PANAMA,6,HERRERA,50,LAS MINAS,303,LAS MINAS
1,PANAMA,6,HERRERA,50,LAS MINAS,308,QUEBRADA DEL ROSARIO
1,PANAMA,6,HERRERA,50,LAS MINAS,309,QUEBRADA EL CIPRIAN
1,PANAMA,6,HERRERA,51,LOS POZOS,310,LOS POZOS
1,PANAMA,6,HERRERA,51,LOS POZOS,311,EL CAPURI
1,PANAMA,6,HERRERA,51,LOS POZOS,312,EL CALABACITO
1,PANAMA,6,HERRERA,51,LOS POZOS,313,EL CEDRO
1,PANAMA,6,HERRERA,51,LOS POZOS,318,LAS LLANAS
1,PANAMA,6,HERRERA,51,LOS POZOS,315,LA PITALOZA
1,PANAMA,6,HERRERA,51,LOS POZOS,316,LOS CERRITOS
1,PANAMA,6,HERRERA,51,LOS POZOS,317,LOS CERROS DE PAJA
1,PANAMA,6,HERRERA,51,LOS POZOS,314,LA ARENA
1,PANAMA,6,HERRERA,52,OCU,320,CERRO LARGO
1,PANAMA,6,HERRERA,52,OCU,319,OCU
1,PANAMA,6,HERRERA,52,OCU,321,LOS LLANOS
1,PANAMA,6,HERRERA,52,OCU,325,MENCHACA
1,PANAMA,6,HERRERA,52,OCU,324,EL TIJERA
1,PANAMA,6,HERRERA,52,OCU,323,PEÑAS CHATAS
1,PANAMA,6,HERRERA,52,OCU,322,LLANO GRANDE
1,PANAMA,6,HERRERA,53,PARITA,327,CABUYA
1,PANAMA,6,HERRERA,53,PARITA,326,PARITA
1,PANAMA,6,HERRERA,53,PARITA,328,LOS CASTILLOS
1,PANAMA,6,HERRERA,53,PARITA,329,LLANO DE LA CRUZ
1,PANAMA,6,HERRERA,53,PARITA,330,PARIS
1,PANAMA,6,HERRERA,53,PARITA,331,PORTOBELILLO
1,PANAMA,6,HERRERA,53,PARITA,332,POTUGA
1,PANAMA,6,HERRERA,54,PESE,334,LAS CABRAS
1,PANAMA,6,HERRERA,54,PESE,333,PESE
1,PANAMA,6,HERRERA,54,PESE,335,EL PAJARO
1,PANAMA,6,HERRERA,54,PESE,340,RINCON HONDO
1,PANAMA,6,HERRERA,54,PESE,339,SABANA GRANDE
1,PANAMA,6,HERRERA,54,PESE,338,EL CIRUELO
1,PANAMA,6,HERRERA,54,PESE,337,EL PEDREGOSO
1,PANAMA,6,HERRERA,54,PESE,336,EL BARRENO
1,PANAMA,6,HERRERA,55,SANTA MARIA,342,CHUPAMPA
1,PANAMA,6,HERRERA,55,SANTA MARIA,343,EL RINCON
1,PANAMA,6,HERRERA,55,SANTA MARIA,344,EL LIMON
1,PANAMA,6,HERRERA,55,SANTA MARIA,341,SANTA MARIA
1,PANAMA,6,HERRERA,55,SANTA MARIA,345,LOS CANELOS
1,PANAMA,7,LOS SANTOS,56,GUARARE,350,LA PASERA
1,PANAMA,7,LOS SANTOS,56,GUARARE,349,LA ENEA
1,PANAMA,7,LOS SANTOS,56,GUARARE,348,EL MACANO GUARARE ARRIBA
1,PANAMA,7,LOS SANTOS,56,GUARARE,347,EL ESPINAL
1,PANAMA,7,LOS SANTOS,56,GUARARE,351,LAS TRANCAS
1,PANAMA,7,LOS SANTOS,56,GUARARE,354,PERALES
1,PANAMA,7,LOS SANTOS,56,GUARARE,353,EL HATO
1,PANAMA,7,LOS SANTOS,56,GUARARE,352,LLANO ABAJO
1,PANAMA,7,LOS SANTOS,56,GUARARE,346,GUARARE
1,PANAMA,7,LOS SANTOS,57,LAS TABLAS,374,LA MIEL
1,PANAMA,7,LOS SANTOS,57,LAS TABLAS,377,LAS PALMITAS
1,PANAMA,7,LOS SANTOS,57,LAS TABLAS,378,LAS TABLAS ABAJO
1,PANAMA,7,LOS SANTOS,57,LAS TABLAS,379,NUARIO
1,PANAMA,7,LOS SANTOS,57,LAS TABLAS,380,PALMIRA
1,PANAMA,7,LOS SANTOS,57,LAS TABLAS,381,PEÑA BLANCA
1,PANAMA,7,LOS SANTOS,57,LAS TABLAS,382,RIO HONDO
1,PANAMA,7,LOS SANTOS,57,LAS TABLAS,383,SAN JOSE
1,PANAMA,7,LOS SANTOS,57,LAS TABLAS,384,SAN MIGUEL
1,PANAMA,7,LOS SANTOS,57,LAS TABLAS,385,SANTO DOMINGO
1,PANAMA,7,LOS SANTOS,57,LAS TABLAS,386,SESTEADERO
1,PANAMA,7,LOS SANTOS,57,LAS TABLAS,387,VALLE RICO
1,PANAMA,7,LOS SANTOS,57,LAS TABLAS,388,VALLERRIQUITO
1,PANAMA,7,LOS SANTOS,57,LAS TABLAS,375,LA PALMA
1,PANAMA,7,LOS SANTOS,57,LAS TABLAS,373,LA LAJA
1,PANAMA,7,LOS SANTOS,57,LAS TABLAS,376,LA TIZA
1,PANAMA,7,LOS SANTOS,57,LAS TABLAS,371,EL MUÑOZ
1,PANAMA,7,LOS SANTOS,57,LAS TABLAS,370,EL MANANTIAL
1,PANAMA,7,LOS SANTOS,57,LAS TABLAS,369,EL COCAL
1,PANAMA,7,LOS SANTOS,57,LAS TABLAS,368,EL CARATE
1,PANAMA,7,LOS SANTOS,57,LAS TABLAS,367,BAYANO
1,PANAMA,7,LOS SANTOS,57,LAS TABLAS,366,BAJO CORRAL
1,PANAMA,7,LOS SANTOS,57,LAS TABLAS,365,LAS TABLAS
1,PANAMA,7,LOS SANTOS,57,LAS TABLAS,372,EL PEDREGOSO
1,PANAMA,7,LOS SANTOS,58,LOS SANTOS,393,LAS CRUCES
1,PANAMA,7,LOS SANTOS,58,LOS SANTOS,394,OTROS
1,PANAMA,7,LOS SANTOS,58,LOS SANTOS,395,LAS GUABAS
1,PANAMA,7,LOS SANTOS,58,LOS SANTOS,396,LOS ANGELES
1,PANAMA,7,LOS SANTOS,58,LOS SANTOS,397,LOS OLIVOS
1,PANAMA,7,LOS SANTOS,58,LOS SANTOS,398,LLANO LARGO
1,PANAMA,7,LOS SANTOS,58,LOS SANTOS,399,SABANA GRANDE
1,PANAMA,7,LOS SANTOS,58,LOS SANTOS,400,SANTA ANA
1,PANAMA,7,LOS SANTOS,58,LOS SANTOS,401,TRES QUEBRADAS
1,PANAMA,7,LOS SANTOS,58,LOS SANTOS,402,AGUA BUENA
1,PANAMA,7,LOS SANTOS,58,LOS SANTOS,403,VILLA LOURDES
1,PANAMA,7,LOS SANTOS,58,LOS SANTOS,389,LA VILLA DE LOS SANTOS
1,PANAMA,7,LOS SANTOS,58,LOS SANTOS,390,EL GUASIMO
1,PANAMA,7,LOS SANTOS,58,LOS SANTOS,391,LA COLARADA
1,PANAMA,7,LOS SANTOS,58,LOS SANTOS,392,LA ESPIGADILLA
1,PANAMA,7,LOS SANTOS,59,MACARACAS,404,MACARACAS
1,PANAMA,7,LOS SANTOS,59,MACARACAS,413,LLANO DE PIEDRA
1,PANAMA,7,LOS SANTOS,59,MACARACAS,412,LAS PALMAS
1,PANAMA,7,LOS SANTOS,59,MACARACAS,411,LA MESA
1,PANAMA,7,LOS SANTOS,59,MACARACAS,410,ESPINO AMARILLO
1,PANAMA,7,LOS SANTOS,59,MACARACAS,409,EL CEDRO
1,PANAMA,7,LOS SANTOS,59,MACARACAS,408,CHUPA
1,PANAMA,7,LOS SANTOS,59,MACARACAS,407,COROZAL
1,PANAMA,7,LOS SANTOS,59,MACARACAS,406,BAJOS DE GUERA
1,PANAMA,7,LOS SANTOS,59,MACARACAS,405,BAHIA HONDA
1,PANAMA,7,LOS SANTOS,59,MACARACAS,414,MOGOLLON
1,PANAMA,7,LOS SANTOS,60,PEDASI,356,LOS ASIENTOS
1,PANAMA,7,LOS SANTOS,60,PEDASI,357,MARIABE
1,PANAMA,7,LOS SANTOS,60,PEDASI,358,PURIO
1,PANAMA,7,LOS SANTOS,60,PEDASI,359,ORIA ARRIBA
1,PANAMA,7,LOS SANTOS,60,PEDASI,355,PEDASI
1,PANAMA,7,LOS SANTOS,61,POCRI,361,EL CAÑAFISTULO
1,PANAMA,7,LOS SANTOS,61,POCRI,362,LAJAMINA
1,PANAMA,7,LOS SANTOS,61,POCRI,363,PARAISO
1,PANAMA,7,LOS SANTOS,61,POCRI,364,PARITILLA
1,PANAMA,7,LOS SANTOS,61,POCRI,360,POCRI
1,PANAMA,8,PANAMA,8,PANAMA,415,SAN FELIPE
1,PANAMA,8,PANAMA,8,PANAMA,416,EL CHORRILLO
1,PANAMA,8,PANAMA,8,PANAMA,9,SAN FRANCISCO
1,PANAMA,8,PANAMA,8,PANAMA,8,PUEBLO NUEVO
1,PANAMA,8,PANAMA,8,PANAMA,417,SANTA ANA
1,PANAMA,8,PANAMA,8,PANAMA,418,CALIDONIA O LA EXPOSICION
1,PANAMA,8,PANAMA,8,PANAMA,419,CURUNDU
1,PANAMA,8,PANAMA,8,PANAMA,420,BETANIA
1,PANAMA,8,PANAMA,8,PANAMA,421,BELLA VISTA
1,PANAMA,8,PANAMA,8,PANAMA,422,PARQUE LEFEVRE
1,PANAMA,8,PANAMA,8,PANAMA,423,RIO ABAJO
1,PANAMA,8,PANAMA,8,PANAMA,424,JUAN DIAZ
1,PANAMA,8,PANAMA,8,PANAMA,425,PEDREGAL
1,PANAMA,8,PANAMA,8,PANAMA,426,ANCON
1,PANAMA,8,PANAMA,8,PANAMA,427,CHILIBRE
1,PANAMA,8,PANAMA,8,PANAMA,428,LAS CUMBRES
1,PANAMA,8,PANAMA,8,PANAMA,429,PACORA
1,PANAMA,8,PANAMA,8,PANAMA,430,SAN MARTIN
1,PANAMA,8,PANAMA,8,PANAMA,431,TOCUMEN
1,PANAMA,8,PANAMA,8,PANAMA,432,LAS MAÑANITAS
1,PANAMA,8,PANAMA,8,PANAMA,433,24 DE DICIEMBRE
1,PANAMA,8,PANAMA,63,TABOGA,434,TABOGA
1,PANAMA,8,PANAMA,63,TABOGA,435,OTOQUE OCCIDENTE
1,PANAMA,8,PANAMA,63,TABOGA,436,OTOQUE ORIENTE
1,PANAMA,8,PANAMA,65,BALBOA,450,SABOGA
1,PANAMA,8,PANAMA,65,BALBOA,449,PEDRO GONZALEZ
1,PANAMA,8,PANAMA,65,BALBOA,448,LA GUINEA
1,PANAMA,8,PANAMA,65,BALBOA,447,LA ESMERALDA
1,PANAMA,8,PANAMA,65,BALBOA,446,LA ENSENADA
1,PANAMA,8,PANAMA,65,BALBOA,445,SAN MIGUEL
1,PANAMA,8,PANAMA,68,CHEPO,487,EL LLANO
1,PANAMA,8,PANAMA,68,CHEPO,484,CHEPO
1,PANAMA,8,PANAMA,68,CHEPO,485,CAÑITA
1,PANAMA,8,PANAMA,68,CHEPO,486,CHEPILLO
1,PANAMA,8,PANAMA,68,CHEPO,488,LAS MARGARITAS
1,PANAMA,8,PANAMA,68,CHEPO,491,TORTI
1,PANAMA,8,PANAMA,68,CHEPO,490,MADUNGANDI
1,PANAMA,8,PANAMA,68,CHEPO,489,SANTA CRUZ DE CHININA
1,PANAMA,8,PANAMA,69,CHIMAN,495,PASIGA
1,PANAMA,8,PANAMA,69,CHIMAN,496,UNION SANTEÑA
1,PANAMA,8,PANAMA,69,CHIMAN,494,GONZALO VASQUEZ
1,PANAMA,8,PANAMA,69,CHIMAN,492,CHIMAN
1,PANAMA,8,PANAMA,69,CHIMAN,493,BRUJAS
1,PANAMA,8,PANAMA,72,SAN MIGUELITO,464,AMELIA DENIS DE ICAZA
1,PANAMA,8,PANAMA,72,SAN MIGUELITO,466,JOSE DOMINGO ESPINAR
1,PANAMA,8,PANAMA,72,SAN MIGUELITO,467,MATEO ITURRALDE
1,PANAMA,8,PANAMA,72,SAN MIGUELITO,468,VICTORIANO LORENZO
1,PANAMA,8,PANAMA,72,SAN MIGUELITO,472,RUFINA ALFARO
1,PANAMA,8,PANAMA,72,SAN MIGUELITO,470,BELISARIO FRIAS
1,PANAMA,8,PANAMA,72,SAN MIGUELITO,471,OMAR TORRIJOS
1,PANAMA,8,PANAMA,72,SAN MIGUELITO,465,BELISARIO PORRAS
1,PANAMA,8,PANAMA,72,SAN MIGUELITO,469,ARNULFO ARIAS
1,PANAMA,9,VERAGUAS,8,SAN FRANCISCO,523,SAN FRANCISCO
1,PANAMA,9,VERAGUAS,8,SAN FRANCISCO,524,CORRAL FALSO
1,PANAMA,9,VERAGUAS,8,SAN FRANCISCO,525,LOS HATILLOS
1,PANAMA,9,VERAGUAS,8,SAN FRANCISCO,526,REMANCE
1,PANAMA,9,VERAGUAS,8,SAN FRANCISCO,527,SAN JUAN
1,PANAMA,9,VERAGUAS,8,SAN FRANCISCO,528,SAN JOSE
1,PANAMA,9,VERAGUAS,73,SANTA FE,551,SANTA FE
1,PANAMA,9,VERAGUAS,73,SANTA FE,552,CALOVEBORA
1,PANAMA,9,VERAGUAS,73,SANTA FE,553,EL ALTO
1,PANAMA,9,VERAGUAS,73,SANTA FE,554,EL CUAY
1,PANAMA,9,VERAGUAS,73,SANTA FE,555,EL PANTANO
1,PANAMA,9,VERAGUAS,73,SANTA FE,556,GATU O GATUCITO
1,PANAMA,9,VERAGUAS,73,SANTA FE,557,RIOS LUIS
1,PANAMA,9,VERAGUAS,74,SANTIAGO,539,SANTIAGO
1,PANAMA,9,VERAGUAS,74,SANTIAGO,540,LA COLORADA
1,PANAMA,9,VERAGUAS,74,SANTIAGO,541,LA PEÑA
1,PANAMA,9,VERAGUAS,74,SANTIAGO,542,LA RAYA DE SANTA MARIA
1,PANAMA,9,VERAGUAS,74,SANTIAGO,543,PONUGA
1,PANAMA,9,VERAGUAS,74,SANTIAGO,544,SAN PEDRO DEL ESPINO
1,PANAMA,9,VERAGUAS,74,SANTIAGO,545,CANTO DEL LLANO
1,PANAMA,9,VERAGUAS,74,SANTIAGO,546,LOS ALGARROBOS
1,PANAMA,9,VERAGUAS,74,SANTIAGO,547,CARLOS SANTANA AVILA
1,PANAMA,9,VERAGUAS,74,SANTIAGO,548,EDWIN FABREGA
1,PANAMA,9,VERAGUAS,74,SANTIAGO,549,SAN MARTIN PORRES
1,PANAMA,9,VERAGUAS,74,SANTIAGO,550,URRACA
1,PANAMA,9,VERAGUAS,75,SONA,529,SONA
1,PANAMA,9,VERAGUAS,75,SONA,530,BAHIA HONDA
1,PANAMA,9,VERAGUAS,75,SONA,531,CALIDONIA
1,PANAMA,9,VERAGUAS,75,SONA,532,CATIVE
1,PANAMA,9,VERAGUAS,75,SONA,533,EL MARAÑON
1,PANAMA,9,VERAGUAS,75,SONA,534,GUARUMAL
1,PANAMA,9,VERAGUAS,75,SONA,535,LA SOLEDAD
1,PANAMA,9,VERAGUAS,75,SONA,536,QUEBRADA DE ORO
1,PANAMA,9,VERAGUAS,75,SONA,537,RIO GRANDE
1,PANAMA,9,VERAGUAS,75,SONA,538,RODEO VIEJO
1,PANAMA,9,VERAGUAS,76,ATALAYA,614,ATALAYA
1,PANAMA,9,VERAGUAS,76,ATALAYA,615,EL BARRITO
1,PANAMA,9,VERAGUAS,76,ATALAYA,616,LA MONTAÑUELA
1,PANAMA,9,VERAGUAS,76,ATALAYA,617,LA CARRILLO
1,PANAMA,9,VERAGUAS,76,ATALAYA,618,SAN ANTONIO
1,PANAMA,9,VERAGUAS,77,CALOBRE,601,OTROS
1,PANAMA,9,VERAGUAS,77,CALOBRE,602,BARNIZAL
1,PANAMA,9,VERAGUAS,77,CALOBRE,603,CHITRA
1,PANAMA,9,VERAGUAS,77,CALOBRE,604,EL COCLA
1,PANAMA,9,VERAGUAS,77,CALOBRE,605,EL POTRERO
1,PANAMA,9,VERAGUAS,77,CALOBRE,606,LA LAGUNA
1,PANAMA,9,VERAGUAS,77,CALOBRE,608,LA TETILLA
1,PANAMA,9,VERAGUAS,77,CALOBRE,609,LA YEGUADA
1,PANAMA,9,VERAGUAS,77,CALOBRE,610,LAS GUIAS
1,PANAMA,9,VERAGUAS,77,CALOBRE,611,MONJARAS
1,PANAMA,9,VERAGUAS,77,CALOBRE,612,SAN JOSE
1,PANAMA,9,VERAGUAS,77,CALOBRE,613,CALOBRE
1,PANAMA,9,VERAGUAS,77,CALOBRE,607,LA RAYA DE CALOBRE
1,PANAMA,9,VERAGUAS,78,CAÑAZAS,594,CAÑAZAS
1,PANAMA,9,VERAGUAS,78,CAÑAZAS,595,CERRO DE PLATA
1,PANAMA,9,VERAGUAS,78,CAÑAZAS,596,EL PICADOR
1,PANAMA,9,VERAGUAS,78,CAÑAZAS,597,LOS VALLES
1,PANAMA,9,VERAGUAS,78,CAÑAZAS,598,SAN JOSE
1,PANAMA,9,VERAGUAS,78,CAÑAZAS,599,SAN MARCELO
1,PANAMA,9,VERAGUAS,78,CAÑAZAS,600,EL AROMILLO
1,PANAMA,9,VERAGUAS,79,LA MESA,588,LA MESA
1,PANAMA,9,VERAGUAS,79,LA MESA,589,BISVALLES
1,PANAMA,9,VERAGUAS,79,LA MESA,590,BORO
1,PANAMA,9,VERAGUAS,79,LA MESA,591,LLANO GRANDE
1,PANAMA,9,VERAGUAS,79,LA MESA,592,SAN BARTOLA
1,PANAMA,9,VERAGUAS,79,LA MESA,593,LOS MILAGROS
1,PANAMA,9,VERAGUAS,80,LAS PALMAS,576,LAS PALMAS
1,PANAMA,9,VERAGUAS,80,LAS PALMAS,577,CERRO DE CASA
1,PANAMA,9,VERAGUAS,80,LAS PALMAS,578,COROZAL
1,PANAMA,9,VERAGUAS,80,LAS PALMAS,579,EL PRADO
1,PANAMA,9,VERAGUAS,80,LAS PALMAS,580,EL MARIA
1,PANAMA,9,VERAGUAS,80,LAS PALMAS,581,EL RINCON
1,PANAMA,9,VERAGUAS,80,LAS PALMAS,582,LOLA
1,PANAMA,9,VERAGUAS,80,LAS PALMAS,583,PIXVAE
1,PANAMA,9,VERAGUAS,80,LAS PALMAS,584,PUERTO VIDAL
1,PANAMA,9,VERAGUAS,80,LAS PALMAS,585,SAN MARTIN DE PORRES
1,PANAMA,9,VERAGUAS,80,LAS PALMAS,586,VIGUI
1,PANAMA,9,VERAGUAS,80,LAS PALMAS,587,ZAPOTILLO
1,PANAMA,9,VERAGUAS,81,MARIATO,575,TEBARIO
1,PANAMA,9,VERAGUAS,81,MARIATO,571,LLANO DE CATIVAL O MARIATO
1,PANAMA,9,VERAGUAS,81,MARIATO,572,ARENAS
1,PANAMA,9,VERAGUAS,81,MARIATO,573,EL CACAO
1,PANAMA,9,VERAGUAS,81,MARIATO,574,QUEBRO
1,PANAMA,9,VERAGUAS,82,MONTIJO,564,GOBERNADORA
1,PANAMA,9,VERAGUAS,82,MONTIJO,569,COSTA HERMOSA
1,PANAMA,9,VERAGUAS,82,MONTIJO,568,CEBACO
1,PANAMA,9,VERAGUAS,82,MONTIJO,567,PILON
1,PANAMA,9,VERAGUAS,82,MONTIJO,566,LEONES
1,PANAMA,9,VERAGUAS,82,MONTIJO,563,MONTIJO
1,PANAMA,9,VERAGUAS,82,MONTIJO,570,UNION DEL NORTE
1,PANAMA,9,VERAGUAS,82,MONTIJO,565,LA GARCEANA
1,PANAMA,9,VERAGUAS,83,RIO DE JESUS,562,CATORCE DE NOVIEMBRE
1,PANAMA,9,VERAGUAS,83,RIO DE JESUS,561,UTIRA
1,PANAMA,9,VERAGUAS,83,RIO DE JESUS,560,LOS CASTILLOS
1,PANAMA,9,VERAGUAS,83,RIO DE JESUS,559,LAS HUACAS
1,PANAMA,9,VERAGUAS,83,RIO DE JESUS,558,RIO DE JESUS
1,PANAMA,10,COMARCA KUNA YALA,41,EL PORVENIR,236,NARGANA
1,PANAMA,10,COMARCA KUNA YALA,41,EL PORVENIR,239,TUBUALA
1,PANAMA,10,COMARCA KUNA YALA,41,EL PORVENIR,238,PUERTO OBALDIA
1,PANAMA,10,COMARCA KUNA YALA,41,EL PORVENIR,237,AILIGANDI
1,PANAMA,11,COMARCA EMBERA-WOUNAAN,39,CEMACO,234,CIRILO GUAINORA
1,PANAMA,11,COMARCA EMBERA-WOUNAAN,39,CEMACO,235,LAJAS BLANCAS
1,PANAMA,11,COMARCA EMBERA-WOUNAAN,40,SAMBU,232,RIO SABALO
1,PANAMA,11,COMARCA EMBERA-WOUNAAN,40,SAMBU,233,JINGURUDO
1,PANAMA,12,COMARCA NGOBE BUGLE,42,BESIKO,241,BOCA DE BALSA
1,PANAMA,12,COMARCA NGOBE BUGLE,42,BESIKO,242,CAMARON ARRIBA
1,PANAMA,12,COMARCA NGOBE BUGLE,42,BESIKO,243,CERRO BANCO
1,PANAMA,12,COMARCA NGOBE BUGLE,42,BESIKO,240,SOLOY
1,PANAMA,12,COMARCA NGOBE BUGLE,42,BESIKO,244,CERRO DE PATENA
1,PANAMA,12,COMARCA NGOBE BUGLE,42,BESIKO,245,EMPLANADA DE CHORCHA
1,PANAMA,12,COMARCA NGOBE BUGLE,42,BESIKO,246,NAMNONI
1,PANAMA,12,COMARCA NGOBE BUGLE,42,BESIKO,247,NIBA
1,PANAMA,12,COMARCA NGOBE BUGLE,43,KANKINTU,250,GUARIVIARA
1,PANAMA,12,COMARCA NGOBE BUGLE,43,KANKINTU,249,BURI
1,PANAMA,12,COMARCA NGOBE BUGLE,43,KANKINTU,248,BISIRA
1,PANAMA,12,COMARCA NGOBE BUGLE,43,KANKINTU,251,GUORONI
1,PANAMA,12,COMARCA NGOBE BUGLE,43,KANKINTU,256,MAN CREEK
1,PANAMA,12,COMARCA NGOBE BUGLE,43,KANKINTU,255,TUWAI
1,PANAMA,12,COMARCA NGOBE BUGLE,43,KANKINTU,254,PIEDRA ROJA
1,PANAMA,12,COMARCA NGOBE BUGLE,43,KANKINTU,253,MUNUNI
1,PANAMA,12,COMARCA NGOBE BUGLE,43,KANKINTU,252,KANKINTU
1,PANAMA,12,COMARCA NGOBE BUGLE,44,KUSAPIN,257,KUSAPIN
1,PANAMA,12,COMARCA NGOBE BUGLE,44,KUSAPIN,262,TOBOBE
1,PANAMA,12,COMARCA NGOBE BUGLE,44,KUSAPIN,261,RIO CHIRIQUI
1,PANAMA,12,COMARCA NGOBE BUGLE,44,KUSAPIN,260,LOMA YUCA
1,PANAMA,12,COMARCA NGOBE BUGLE,44,KUSAPIN,259,CALOVEBORA O SANTA CATALINA
1,PANAMA,12,COMARCA NGOBE BUGLE,44,KUSAPIN,258,BAHIA AZUL
1,PANAMA,12,COMARCA NGOBE BUGLE,44,KUSAPIN,263,VALLE BONITO
1,PANAMA,12,COMARCA NGOBE BUGLE,45,MIRONO,267,HATO CULANTRO
1,PANAMA,12,COMARCA NGOBE BUGLE,45,MIRONO,266,HATO COROTU
1,PANAMA,12,COMARCA NGOBE BUGLE,45,MIRONO,265,CASCABEL
1,PANAMA,12,COMARCA NGOBE BUGLE,45,MIRONO,264,HATO PILON
1,PANAMA,12,COMARCA NGOBE BUGLE,45,MIRONO,268,HATO JOBO
1,PANAMA,12,COMARCA NGOBE BUGLE,45,MIRONO,271,SALTO DUPI
1,PANAMA,12,COMARCA NGOBE BUGLE,45,MIRONO,270,QUEBRADA DE LORO
1,PANAMA,12,COMARCA NGOBE BUGLE,45,MIRONO,269,HATO JULI
1,PANAMA,12,COMARCA NGOBE BUGLE,46,MUNA,272,CHICHICA
1,PANAMA,12,COMARCA NGOBE BUGLE,46,MUNA,273,ALTO CABALLERO
1,PANAMA,12,COMARCA NGOBE BUGLE,46,MUNA,274,BACAMA
1,PANAMA,12,COMARCA NGOBE BUGLE,46,MUNA,275,CERRO CAÑA
1,PANAMA,12,COMARCA NGOBE BUGLE,46,MUNA,276,CERRO PUERCO
1,PANAMA,12,COMARCA NGOBE BUGLE,46,MUNA,283,UMANI
1,PANAMA,12,COMARCA NGOBE BUGLE,46,MUNA,278,MARACA
1,PANAMA,12,COMARCA NGOBE BUGLE,46,MUNA,279,NIBRA
1,PANAMA,12,COMARCA NGOBE BUGLE,46,MUNA,280,PEÑA BLANCA
1,PANAMA,12,COMARCA NGOBE BUGLE,46,MUNA,281,ROKA
1,PANAMA,12,COMARCA NGOBE BUGLE,46,MUNA,282,SITIO PRADO
1,PANAMA,12,COMARCA NGOBE BUGLE,46,MUNA,277,KRUA
1,PANAMA,12,COMARCA NGOBE BUGLE,47,NOLE DUIMA,284,CERRO IGLESIAS
1,PANAMA,12,COMARCA NGOBE BUGLE,47,NOLE DUIMA,288,SUSAMA
1,PANAMA,12,COMARCA NGOBE BUGLE,47,NOLE DUIMA,287,LAJERO
1,PANAMA,12,COMARCA NGOBE BUGLE,47,NOLE DUIMA,286,JADABERI
1,PANAMA,12,COMARCA NGOBE BUGLE,47,NOLE DUIMA,285,HATO CHAMI
1,PANAMA,12,COMARCA NGOBE BUGLE,48,ÑURUN,289,BUENOS AIRES
1,PANAMA,12,COMARCA NGOBE BUGLE,48,ÑURUN,290,AGUA DE SALUD
1,PANAMA,12,COMARCA NGOBE BUGLE,48,ÑURUN,291,ALTO DE JESUS
1,PANAMA,12,COMARCA NGOBE BUGLE,48,ÑURUN,292,CERRO PELADO
1,PANAMA,12,COMARCA NGOBE BUGLE,48,ÑURUN,297,GUIBALE
1,PANAMA,12,COMARCA NGOBE BUGLE,48,ÑURUN,295,EL PIRO
1,PANAMA,12,COMARCA NGOBE BUGLE,48,ÑURUN,296,GUAYABITO
1,PANAMA,12,COMARCA NGOBE BUGLE,48,ÑURUN,293,EL BALE
1,PANAMA,12,COMARCA NGOBE BUGLE,48,ÑURUN,294,EL PAREDON
1,PANAMA,13,PANAMA OESTE,1,ARRAIJAN,5,NUEVO EMPERADOR
1,PANAMA,13,PANAMA OESTE,1,ARRAIJAN,6,SANTA CLARA
1,PANAMA,13,PANAMA OESTE,1,ARRAIJAN,7,VERACRUZ
1,PANAMA,13,PANAMA OESTE,1,ARRAIJAN,8,VISTA ALEGRE
1,PANAMA,13,PANAMA OESTE,1,ARRAIJAN,1,ARRAIJAN (CABECERA)
1,PANAMA,13,PANAMA OESTE,1,ARRAIJAN,2,BURUNGA
1,PANAMA,13,PANAMA OESTE,1,ARRAIJAN,3,CERRO SILVESTRE
1,PANAMA,13,PANAMA OESTE,1,ARRAIJAN,4,JUAN DEMOSTENES AROSEMENA
1,PANAMA,13,PANAMA OESTE,2,CAPIRA,9,LAS OLLAS ARRIBA
1,PANAMA,13,PANAMA OESTE,2,CAPIRA,10,LIDICE
1,PANAMA,13,PANAMA OESTE,2,CAPIRA,11,VILLA CARMEN
1,PANAMA,13,PANAMA OESTE,2,CAPIRA,12,VILLA ROSARIO
1,PANAMA,13,PANAMA OESTE,2,CAPIRA,8,LA TRINIDAD
1,PANAMA,13,PANAMA OESTE,2,CAPIRA,7,EL CACAO
1,PANAMA,13,PANAMA OESTE,2,CAPIRA,6,CIRI GRANDE
1,PANAMA,13,PANAMA OESTE,2,CAPIRA,5,CIRI DE LOS SOTOS
1,PANAMA,13,PANAMA OESTE,2,CAPIRA,4,CERMEÑ O
1,PANAMA,13,PANAMA OESTE,2,CAPIRA,13,SANTA ROSA
1,PANAMA,13,PANAMA OESTE,2,CAPIRA,2,CAIMITO
1,PANAMA,13,PANAMA OESTE,2,CAPIRA,1,CAPIRA (CABECERA)
1,PANAMA,13,PANAMA OESTE,2,CAPIRA,3,CAMPANA
1,PANAMA,13,PANAMA OESTE,3,CHAME,8,NUEVA GORGONA
1,PANAMA,13,PANAMA OESTE,3,CHAME,7,LAS LAJAS
1,PANAMA,13,PANAMA OESTE,3,CHAME,6,EL LIBANO
1,PANAMA,13,PANAMA OESTE,3,CHAME,5,CHICA
1,PANAMA,13,PANAMA OESTE,3,CHAME,4,CABUYA
1,PANAMA,13,PANAMA OESTE,3,CHAME,3,BUENOS AIRES
1,PANAMA,13,PANAMA OESTE,3,CHAME,2,BEJUCO
1,PANAMA,13,PANAMA OESTE,3,CHAME,1,CHAME (CABECERA)
1,PANAMA,13,PANAMA OESTE,3,CHAME,9,PUNTA CHAME
1,PANAMA,13,PANAMA OESTE,3,CHAME,11,SORA
1,PANAMA,13,PANAMA OESTE,3,CHAME,10,SAJALICES
1,PANAMA,13,PANAMA OESTE,4,LA CHORRERA,1,BARRIO BALBOA
1,PANAMA,13,PANAMA OESTE,4,LA CHORRERA,2,BARRIO COLON
1,PANAMA,13,PANAMA OESTE,4,LA CHORRERA,18,SANTA RITA
1,PANAMA,13,PANAMA OESTE,4,LA CHORRERA,17,PUERTO CAIMITO
1,PANAMA,13,PANAMA OESTE,4,LA CHORRERA,16,PLAYA LEONA
1,PANAMA,13,PANAMA OESTE,4,LA CHORRERA,15,OBALDIA
1,PANAMA,13,PANAMA OESTE,4,LA CHORRERA,14,MENDOZA
1,PANAMA,13,PANAMA OESTE,4,LA CHORRERA,13,LOS DIAZ
1,PANAMA,13,PANAMA OESTE,4,LA CHORRERA,12,LA REPRESA
1,PANAMA,13,PANAMA OESTE,4,LA CHORRERA,11,ITURRALDE
1,PANAMA,13,PANAMA OESTE,4,LA CHORRERA,3,AMADOR
1,PANAMA,13,PANAMA OESTE,4,LA CHORRERA,4,AROSEMENA
1,PANAMA,13,PANAMA OESTE,4,LA CHORRERA,5,EL ARADO
1,PANAMA,13,PANAMA OESTE,4,LA CHORRERA,6,EL COCO
1,PANAMA,13,PANAMA OESTE,4,LA CHORRERA,7,FEUILLET
1,PANAMA,13,PANAMA OESTE,4,LA CHORRERA,8,GUADALUPE
1,PANAMA,13,PANAMA OESTE,4,LA CHORRERA,9,HERRERA
1,PANAMA,13,PANAMA OESTE,4,LA CHORRERA,10,HURTADO
1,PANAMA,13,PANAMA OESTE,5,SAN CARLOS,7,LAS UVAS
1,PANAMA,13,PANAMA OESTE,5,SAN CARLOS,8,LOS LLANITOS
1,PANAMA,13,PANAMA OESTE,5,SAN CARLOS,6,LA LAGUNA
1,PANAMA,13,PANAMA OESTE,5,SAN CARLOS,5,LA ERMITA
1,PANAMA,13,PANAMA OESTE,5,SAN CARLOS,9,SAN JOSE
1,PANAMA,13,PANAMA OESTE,5,SAN CARLOS,3,EL HIGO
1,PANAMA,13,PANAMA OESTE,5,SAN CARLOS,2,EL ESPINO
1,PANAMA,13,PANAMA OESTE,5,SAN CARLOS,1,SAN CARLOS (CABECERA)
1,PANAMA,13,PANAMA OESTE,5,SAN CARLOS,4,GUAYABITO
1,PANAMA,16,COMARCA DE MADUNGANDI,38,MADUNGANDI,231,MADUNGANDI
1,PANAMA,17,COMARCA DE WARGANDI,37,WARGANDI,230,MORTI
